ID,Name
1,rmRXq,Inactive
2,Onbi2,Inactive
3,E1jEg,Inactive
4,GTKso,Inactive
5,ogn8S,Inactive
6,qI1Kx,Inactive
7,ORsJ1,Inactive
8,KBS12,Inactive
9,BySko,Inactive
10,UTjRP,Inactive
11,jcP91,Inactive
12,W5GnI,Inactive
13,PZJXk,Inactive
14,CTVvl,Inactive
15,viE34,Inactive
16,T5cE2,Inactive
17,nzyor,Inactive
18,72RTI,Inactive
19,b1cxf,Inactive
20,9h29X,Inactive
21,UuJxz,Inactive
22,wMfo3,Inactive
23,tOdkA,Inactive
24,6VKZH,Inactive
25,EgSEH,Inactive
26,AxF1S,Inactive
27,wdOwK,Inactive
28,kegJD,Inactive
29,pUhze,Inactive
30,JIQ44,Inactive
31,HC8uP,Inactive
32,CHV0X,Inactive
33,mW03p,Inactive
34,Piqcx,Inactive
35,zTos1,Inactive
36,PrtEo,Inactive
37,nR0XU,Inactive
38,uRqF0,Inactive
39,YHUh7,Inactive
40,x5oym,Inactive
